id,first_name,last_name,email,gender,age,employer_id
1,Immanuel,Naisbitt,inaisbitt0@chicagotribune.com,Male,100,4
2,Doralia,Riggeard,driggeard1@alibaba.com,Female,80,2
3,Aldridge,Duke,aduke2@businessweek.com,Male,40,3
4,Sandro,Worral,sworral3@examiner.com,Male,4,1
5,Hamilton,Catherall,hcatherall4@webmd.com,Male,43,3
6,Merrielle,Mulcahy,mmulcahy5@com.com,Female,62,1
7,Miller,Potbury,mpotbury6@slideshare.net,Male,33,
8,Phip,Jerosch,pjerosch7@hao123.com,Male,78,
9,Bartram,Voller,bvoller8@topsy.com,Male,11,5
10,Pennie,Duerden,pduerden9@pen.io,Male,59,5
11,Cathrin,Murrhardt,cmurrhardta@ameblo.jp,Female,87,2
12,Cleon,Berge,cbergeb@myspace.com,Male,65,
13,Ofilia,Robbel,orobbelc@multiply.com,Female,64,1
14,Larissa,Brandsen,lbrandsend@oracle.com,Female,25,2
15,Bianca,Creek,bcreeke@ezinearticles.com,Female,8,4
16,Carmelle,Withringten,cwithringtenf@t.co,Female,71,4
17,Demeter,Pinkie,dpinkieg@weather.com,Female,47,2
18,Bertha,Blanchet,bblancheth@java.com,Female,45,5
19,Natassia,Laing,nlaingi@over-blog.com,Female,92,3
20,Mufinella,Gumbley,mgumbleyj@utexas.edu,Female,23,
21,Sallyanne,Galvin,sgalvink@yelp.com,Female,94,5
22,Sandye,Lammerding,slammerdingl@home.pl,Female,63,5
23,Renata,Parkes,rparkesm@toplist.cz,Female,74,1
24,Violetta,McConnachie,vmcconnachien@sina.com.cn,Female,9,3
25,Yehudit,Pyatt,ypyatto@samsung.com,Male,24,3
26,Emery,Whitsey,ewhitseyp@wunderground.com,Male,33,4
27,Bondon,Cotes,bcotesq@msu.edu,Male,98,3
28,Cally,Crossthwaite,ccrossthwaiter@who.int,Female,21,1
29,Garald,Veltman,gveltmans@dagondesign.com,Male,51,1
30,Mandi,Pygott,mpygottt@google.com.br,Female,78,5
31,Ulrike,Danilowicz,udanilowiczu@ezinearticles.com,Female,78,
32,Lesly,Thomsson,lthomssonv@psu.edu,Female,5,1
33,Elvina,Drexel,edrexelw@statcounter.com,Female,90,3
34,Opal,Mahy,omahyx@phpbb.com,Female,10,2
35,Alistair,Tomasini,atomasiniy@scribd.com,Male,91,3
36,Shoshanna,Asty,sastyz@csmonitor.com,Female,97,2
37,Zaccaria,Matousek,zmatousek10@tmall.com,Male,52,2
38,Diahann,Payze,dpayze11@delicious.com,Female,81,4
39,Royall,Snelgrove,rsnelgrove12@japanpost.jp,Male,59,5
40,Yasmeen,Bunton,ybunton13@ezinearticles.com,Female,98,2
41,Burl,Heigho,bheigho14@youtu.be,Male,59,2
42,Rivy,Whorall,rwhorall15@parallels.com,Female,45,3
43,Cirillo,Vuittet,cvuittet16@answers.com,Male,70,3
44,Gare,Berkeley,gberkeley17@discovery.com,Male,47,3
45,Myrwyn,Leynton,mleynton18@google.com.hk,Male,39,1
46,Moritz,Capoun,mcapoun19@shutterfly.com,Male,56,2
47,Anne,Andreev,aandreev1a@goo.gl,Female,13,3
48,Margie,Karus,mkarus1b@lycos.com,Female,21,2
49,Lacy,Antonomolii,lantonomolii1c@nifty.com,Female,15,3
50,Lorrayne,Eastam,leastam1d@springer.com,Female,82,4
